TokenID,VoucherID
TK1,1
TK2,1
TK3,1
TK4,2
TK5,2
TK6,2
TK7,3
TK8,3
TK9,3
TK10,4
TK11,4
TK12,4
TK13,5
TK14,5
TK15,5
TK16,6
TK17,6
TK18,6
TK19,7
TK20,7
TK21,7
TK22,8
TK23,8
TK24,8
TK25,9
TK26,9
TK27,9
TK28,10
TK29,10
TK30,10
TK31,11
TK32,11
TK33,11
TK34,12
TK35,12
TK36,12
TK37,13
TK38,13
TK39,13
TK40,14
TK41,14
TK42,14
TK43,15
TK44,15
TK45,15
TK46,16
TK47,16
TK48,16
TK49,17
TK50,17
TK51,17
TK52,18
TK53,18
TK54,18
TK55,19
TK56,19
TK57,19
TK58,20
TK59,20
TK60,20
TK61,21
TK62,21
TK63,21